scope,subject,source_type,source_title,source_url,signal_type,signal_summary,why_users_care,recency_note,severity,clearpage_implication
comparison_article,firecrawl_vs_crawl4ai,public_blog,"Crawl4AI vs. Firecrawl",https://blog.apify.com/crawl4ai-vs-firecrawl/,complaint,"The comparison frames Firecrawl as a managed path with built-in retries, logs, browser fleet, and captcha help, while Crawl4AI leaves token management, browser ops, and infrastructure to the user.","This is direct evidence that operational burden itself is part of product selection, not just price or extraction quality.","Published 3 months before 2026-05-16; opened from current live web search.",high,"Oleriq should make operational burden visible as a product advantage if it keeps browser and batch workflows simple."
comparison_article,firecrawl_vs_crawl4ai,public_blog,"Crawl4AI vs. Firecrawl",https://blog.apify.com/crawl4ai-vs-firecrawl/,feature_request,"The comparison says Firecrawl uses plain-English extraction prompts while Crawl4AI rewards selector and heuristic tuning.","Users want either easy no-config extraction or explicit deep control; confusing middle ground creates friction.","Published 3 months before 2026-05-16.",medium,"Oleriq should decide where it sits on no-config versus explicit-control surfaces and make that choice obvious."
comparison_article,firecrawl_vs_crawl4ai,public_blog,"Firecrawl vs Crawl4AI: Which Web Crawler is Better for AI?",https://zackproser.com/blog/firecrawl-vs-crawl4ai,complaint,"The essay calls out Crawl4AI setup and scaling overhead: browser lifecycle, memory cost, queues, rate limiting, and anti-bot handling remain user responsibilities.","Teams frequently choose based on who owns the infrastructure burden after the first demo.","Published February 28, 2026.",high,"Oleriq can win if it removes operational ownership from the user without hiding extraction truth."
comparison_article,firecrawl_vs_crawl4ai,public_blog,"Firecrawl vs Crawl4AI: Which Web Crawler is Better for AI?",https://zackproser.com/blog/firecrawl-vs-crawl4ai,signal,"The same essay frames Firecrawl as attractive when scraping is a means to an end, not the core product.","Users building AI apps often do not want scraping infrastructure to become their main engineering problem.","Published February 28, 2026.",medium,"Oleriq should position itself around the user job completed, not around scraping complexity for its own sake."
comparison_article,firecrawl_crawl4ai_jina,public_blog,"Firecrawl vs Crawl4AI vs Jina Reader: Best AI Web Scraping Tool in 2026",https://toolhalla.ai/blog/firecrawl-vs-crawl4ai-vs-jina-reader-2026,signal,"The comparison organizes real-world tasks around single-page RAG, full-docs crawling, structured product extraction, and real-time agent data.","This confirms that users judge tools by practical workload categories, not by abstract feature lists.","Published March 21, 2026.",medium,"Oleriq should map its messaging and roadmap to concrete workloads rather than generic extraction claims."
comparison_article,crawl4ai_vs_firecrawl,public_directory,"Crawl4AI vs Firecrawl",https://deepyard.dev/compare/crawl4ai-vs-firecrawl,signal,"The live comparison highlights a gap in issue volume and contributor scale while also splitting the brands into 'local crawler' versus 'API LLM-data' identities.","Public comparisons increasingly compress products into operational identity: local control versus managed API.","Last updated May 13, 2026.",medium,"Oleriq should be explicit about whether it is a workflow product, a managed API, a local tool, or some hybrid."
comparison_article,browser_agent_tasks,reddit_thread,"Tested 6 browser use agents for real-world tasks — here's an honest breakdown + looking for recommendations",https://www.reddit.com/r/AI_Agents/comments/1slc8rj/tested_6_browser_use_agents_for_realworld_tasks/,complaint,"A commenter says login plus three or more steps breaks every screenshot-driven approach, and that large accessibility trees overflow smaller model context windows.","This shows that browser-agent pain is structural: input representation and step depth matter more than vendor branding.","Published last month; opened from live web search.",high,"Oleriq should avoid assuming screenshot-driven browser automation scales cleanly to long, authenticated workflows."
comparison_article,browser_scraping_agents,reddit_thread,"Is browser-based web scraping the next major unlock for AI agents?",https://www.reddit.com/r/AI_Agents/comments/1on3ft6/is_browserbased_web_scraping_the_next_major/,complaint,"A commenter says anti-scraping measures and IP bans make quality decay silently unless teams have narrow scope, monitoring, and fallback handling.","Silent drift is one of the most dangerous failure modes in recurring extraction workflows.","Published 6 months before 2026-05-16; opened from live web search.",high,"Oleriq should pair extraction with validation, monitoring, and explicit fallback behavior if it expands recurring workflows."
comparison_article,document_intelligence_vs_scraping,reddit_thread,"What is your opinion on AI agents for web scraping?",https://www.reddit.com/r/thewebscrapingclub/comments/1tct7s4/what_is_your_opinion_on_ai_agents_for_web_scraping/,signal,"A commenter says the harder problem is often what happens after scraping: turning PDFs, reports, and messy exports into structured, queryable data.","This separates live-page scraping pain from downstream document-intelligence pain, both of which matter to users.","Published yesterday; opened from live web search.",high,"Oleriq should keep document-conversion and cleanup as a first-class value path, not a side effect of URL extraction."
