competitor,source_type,source_title,source_url,signal_type,signal_summary,why_users_care,recency_note,severity,clearpage_implication
browser-use,github_issue,"browser-use fails to identify/click icon-only ""Create Test"" button when tooltip is present but accessible label is missing","https://github.com/browser-use/browser-use/issues/4801",complaint,"User reports that browser-use cannot reliably target an icon-only button and may click the wrong nearby control when the label is only exposed as a tooltip.","Real browser tasks break when controls are visually obvious to humans but weakly labeled in the DOM.","Opened May 8, 2026.",high,"Oleriq should expose action confidence and fallback evidence when page controls are ambiguous or weakly labeled."
browser-use,github_issue,"Feature Request: Too strict dependency version pinning (`==`) causes dependency conflicts in complex projects","https://github.com/browser-use/browser-use/issues/4824",feature_request,"User asks for looser dependency ranges because exact pins create conflicts with shared libraries and delay patch adoption.","Teams embedding the tool into larger Python systems want easier integration and faster security or bug-fix upgrades.","Opened May 12, 2026.",high,"Oleriq should minimize integration friction and avoid packaging choices that block adoption inside existing stacks."
browser-use,github_discussion,"Can browser-use expose or record stable selectors (XPath/CSS) discovered during an LLM-guided run?","https://github.com/browser-use/browser-use/discussions/3856",feature_request,"Users want to capture selectors from exploratory runs so they can convert successful agent behavior into deterministic Playwright automation.","This lowers cost, improves replayability, and makes successful flows production-usable.","Question opened Jan 8, 2026; follow-up workaround discussion visible through May 10, 2026.",high,"Oleriq can differentiate by turning successful exploratory extraction into reusable deterministic recipes or exportable automation evidence."
browser-use,github_discussion,"run into repeated infinite loop","https://github.com/browser-use/browser-use/discussions/94",complaint,"User reports repeated loops and also asks how to prevent visits to unwanted domains such as Yelp.","Runaway loops waste time and tokens, and users need route or domain guardrails.","Started Dec 8, 2024.",medium,"Oleriq should support stop conditions, domain allow-deny controls, and clearer loop detection."
browser-use,reddit,"browser-use sucks !!","https://www.reddit.com/r/AI_Agents/comments/1hzt9tt",workaround,"Commenters describe browser-use getting stuck on about:blank, taking too long on basic prompts, and one says they built a Chrome extension plus browser-use REST server to make it easier to use.","Users want the tool to work with less setup and less ambiguity during basic browser tasks.","Thread was published about 1.3 years ago and crawled 10 months ago in the accessible search result.",medium,"Oleriq should keep first-run setup and operator feedback simple enough that users do not need wrapper tooling for basic use."
scrapegraphai,github_discussion,"Bot detection errors 503","https://github.com/orgs/ScrapeGraphAI/discussions/1035",complaint,"User asks how to bypass HTTP 503 bot-detection failures on sites like Amazon and Zillow.","Protected sites are common high-value targets, so failure here blocks practical use.","Asked Jan 12, 2026.",high,"Oleriq needs a clear posture for protected sites, including browser-backed fallback and honest limits."
scrapegraphai,github_discussion,"AJAX Pagination","https://github.com/orgs/ScrapeGraphAI/discussions/998",feature_request,"User asks how to extract all items when products load through AJAX and the base URL never changes.","Dynamic pagination is a common real-world pattern that breaks simple crawl assumptions.","Asked Jul 1, 2025.",high,"Oleriq should handle dynamic list expansion and document how it detects completion on same-URL pages."
scrapegraphai,github_discussion,"Sign-In before Scraping","https://github.com/orgs/ScrapeGraphAI/discussions/997",workaround,"User asks how to scrape pages behind login; the recommended workaround is to log in with Playwright and pass saved session state into ScrapeGraphAI.","Authenticated pages often contain the highest-value data, so users need a workable session handoff path.","Asked Jul 1, 2025.",high,"Oleriq should support session reuse or browser-state import rather than assuming public unauthenticated pages only."
scrapegraphai,github_issue,"Verbose mode is not providing useful information","https://github.com/ScrapeGraphAI/Scrapegraph-ai/issues/1045",complaint,"User says verbose mode is not enough to diagnose poor results on simple pages and asks for DEBUG-level visibility into model context and malformed JSON responses.","Without usable debugging, users cannot trust or fix extraction failures.","Opened Mar 5, 2026.",high,"Oleriq should provide extraction traces, raw evidence, and explicit failure reasons instead of shallow logging."
scrapegraphai,github_discussion,"Export scrapped website to markdown?","https://github.com/orgs/ScrapeGraphAI/discussions/807",feature_request,"User asks for a direct way to export crawler output to markdown and says the crawler seems capable but the export path is not obvious.","Users want extraction plus usable output in one step, not a vague post-processing path.","Asked Nov 18, 2024.",medium,"Oleriq should keep export formats explicit and low-friction, especially for markdown-like outputs."
