"scope","competitor","source_type","signal_type","theme","summary","user_impact","source_url"
"first_10_minutes","firecrawl","product_hunt","praise","first_success","[Verified] Product Hunt presents Firecrawl as a one-call way to turn a URL into markdown or structured data, which explains its strong quick-trial appeal.","[Verified] New users can see value without learning a complex crawler model first.","https://www.producthunt.com/products/extract-by-firecrawl/launches/firecrawl-v2-5?comment=4980494"
"first_10_minutes","firecrawl","github_issue","complaint","onboarding_friction","[Verified] A self-hosted user reported that `/scrape` worked but `/extract` failed under the Docker-based local setup.","[Verified] A new user can get a partial win and still fail on the higher-value extraction path in the first session.","https://github.com/firecrawl/firecrawl/issues/1294"
"first_10_minutes","firecrawl","github_issue","complaint","honeymoon_gap","[Verified] A user reported crawl jobs returning `completed` with an empty `data` array and no visible error.","[Verified] Early trust drops fast when success status and actual output do not match.","https://github.com/firecrawl/firecrawl/issues/1309"
"first_10_minutes","firecrawl","github_issue","complaint","honeymoon_gap","[Verified] A self-hosted user reported Firecrawl becoming unresponsive in an anti-bot fallback loop with repeated waterfall logs.","[Verified] The product can feel production-ready in a demo, then become brittle on protected pages.","https://github.com/firecrawl/firecrawl/issues/2350"
"spending_confidence","firecrawl","reddit","complaint","pricing_credit_frustration","[Verified] An `r/n8n` user said Firecrawl works, but bursty usage feels expensive because unused monthly credits vanish and the API key effectively feels like a retainer.","[Verified] Buyers with uneven workloads hesitate to commit when idle months still burn value.","https://www.reddit.com/r/n8n/comments/1q4eccq/any_payasyougo_scrapers_that_dont_expire_credits/"
"first_10_minutes","jina-reader","hacker_news","praise","first_success","[Verified] A Hacker News user praised Jina Reader for the simple `r.jina.ai/<url>` flow that returns markdown from any page.","[Verified] The first-success path is extremely easy to explain and test.","https://news.ycombinator.com/item?id=41429728"
"first_10_minutes","jina-reader","github_issue","complaint","onboarding_friction","[Verified] A GitHub user said the docs are lacking, the interactive builder is buggy, and the response shape is hard to understand.","[Verified] Integration confidence drops before the user even reaches production volume.","https://github.com/jina-ai/reader/issues/1224"
"spending_confidence","jina-reader","github_issue","complaint","pricing_credit_frustration","[Verified] A production user reported single `s.jina.ai` requests spiking to about 1.9M tokens and averaging far above the expected floor.","[Verified] Token-cost unpredictability weakens spending confidence immediately.","https://github.com/jina-ai/reader/issues/1241"
"first_10_minutes","jina-reader","github_issue","complaint","honeymoon_gap","[Verified] A user said heavy JavaScript comparison pages returned gibberish through the Jina Reader API.","[Verified] The fast first win on simple pages does not carry cleanly to richer interactive pages.","https://github.com/jina-ai/reader/issues/1148"
"first_10_minutes","crawl4ai","docs","praise","first_success","[Verified] Crawl4AI's self-hosting docs expose a local playground and monitor dashboard for interactive testing and visibility.","[Verified] Technical users get a guided first-run surface instead of a blind container launch.","https://docs.crawl4ai.com/core/self-hosting/"
"first_10_minutes","crawl4ai","reddit","complaint","onboarding_friction","[Verified] A Reddit user said Docker setup took about an hour, needs meaningful RAM, and turns into infrastructure debugging when things break.","[Verified] The local-first value story is strong, but the first session is still operationally heavy for many users.","https://www.reddit.com/r/AgentsOfAI/comments/1t3pe4e/firecrawl_vs_crawl4ai_i_tried_both_and_heres_what/"
"first_10_minutes","crawl4ai","github_issue","complaint","honeymoon_gap","[Verified] A GitHub issue says MCP scrape tools return incomplete results on JS-heavy pages because they lack the wait controls available in REST and CLI.","[Verified] Users hit a gap between the tutorial promise and real dynamic-page behavior once they move to agent workflows.","https://github.com/unclecode/crawl4ai/issues/1963"
"first_10_minutes","browser-use","product_hunt_review","praise","first_success","[Verified] Product Hunt reviews say Browser Use made browser automation simpler than older Selenium or LangChain-heavy setups.","[Verified] Users can feel progress quickly without building custom browser tooling first.","https://www.producthunt.com/products/browser-use"
"first_10_minutes","browser-use","github_issue","complaint","onboarding_friction","[Verified] A GitHub issue says exact dependency pinning makes Browser Use hard to integrate into larger Python projects.","[Verified] Teams can fail before real usage because the package collides with the rest of their stack.","https://github.com/browser-use/browser-use/issues/4824"
"first_10_minutes","browser-use","reddit","complaint","honeymoon_gap","[Verified] Public Reddit comments report installation breaking on first run, loops, `about:blank` stalls, and very slow execution on basic tasks.","[Verified] The early wow factor disappears when simple flows are not dependable.","https://www.reddit.com/r/AI_Agents/comments/1hzt9tt/browseruse_sucks/"
"spending_confidence","browser-use","reddit","complaint","pricing_credit_frustration","[Verified] The same Reddit thread includes public complaints from users who said they bought a subscription, did not get working value, and wanted refunds.","[Verified] Spending confidence drops sharply when a paid plan feels broken before a user gets reliable outcomes.","https://www.reddit.com/r/AI_Agents/comments/1hzt9tt/browseruse_sucks/"
"first_10_minutes","webclaw","docs","praise","first_success","[Verified] Webclaw's migration guide says the first test can be as simple as keeping the same request body, changing the base URL, and comparing the response.","[Verified] That lowers switching cost and makes first evaluation very fast.","https://webclaw.io/blog/migrating-from-firecrawl-compatible-api"
"spending_confidence","webclaw","reddit","praise","pricing_confidence","[Verified] A Reddit post frames Webclaw as fast, scriptable, local-first, and usable without the hosted API except for the hardest anti-bot cases.","[Verified] Users get a clearer path to avoid recurring hosted spend for normal workloads.","https://www.reddit.com/r/scrapingtheweb/comments/1sqsoos/one_month_of_webclaw_the_oss_web_scraping_api_i/"
"first_10_minutes","webclaw","github_discussion","feature_request","honeymoon_gap","[Verified] Public GitHub discussion titles show users quickly asking for hydration-state extraction from SPA pages.","[Verified] After the first scrape works, users immediately want deeper page-state access that plain extraction does not provide.","https://github.com/0xMassi/webclaw/discussions/13"
"first_10_minutes","webpeel","docs","praise","first_success","[Verified] WebPeel promises install in one command, no dependency setup, and live extraction in minutes.","[Verified] The onboarding path is intentionally optimized for immediate trial success.","https://webpeel.dev/"
"spending_confidence","webpeel","docs","praise","pricing_confidence","[Verified] WebPeel advertises a free tier with no credit card and full feature access, plus self-hosting for unlimited local usage.","[Verified] Buyers can test real capability before committing money or billing details.","https://webpeel.dev/"
"public_signal_gap","webpeel","github_issues_index","source_gap","source_gap","[Verified] WebPeel's public GitHub issues page showed no open issues during this pass.","[Verified] The thin public backlog makes honeymoon-risk hard to measure from public evidence alone.","https://github.com/webpeel/webpeel/issues"
"spending_confidence","crw","docs","praise","pricing_confidence","[Verified] CRW's public site emphasizes zero configuration, 500 free credits, no credit card, predictable paid tiers, and free self-hosting.","[Verified] Users can model spend early and avoid signup friction.","https://fastcrw.com/"
"first_10_minutes","crw","reddit","praise","first_success","[Verified] In `r/openclaw`, a commenter recommended fastCRW specifically as a fast, lightweight, open-source scraper.","[Verified] Community shorthand around speed and lightness helps first-time evaluators choose it quickly.","https://www.reddit.com/r/openclaw/comments/1s8ztah/best_way_to_do_web_scraping_search_automation_in/"
"public_signal_gap","crw","github_issues_index","source_gap","source_gap","[Verified] CRW's public GitHub issues page showed zero open issues in this pass.","[Verified] The limited public complaint surface keeps long-run confidence provisional.","https://github.com/us/crw/issues"
"first_10_minutes","scrapegraphai","product_hunt","praise","first_success","[Verified] Product Hunt presents ScrapeGraphAI as a simple prompt-based way to turn websites into structured JSON.","[Verified] The value proposition is easy to grasp on first contact.","https://www.producthunt.com/products/scrapegraphai"
"first_10_minutes","scrapegraphai","github_discussion","complaint","onboarding_friction","[Verified] ScrapeGraphAI maintainers tell users that authenticated sites require a separate Playwright login flow and a saved session state file.","[Verified] Real-world authenticated scraping is not a one-step experience even when the product story sounds prompt-first.","https://github.com/orgs/ScrapeGraphAI/discussions/997"
"first_10_minutes","scrapegraphai","github_issue","complaint","honeymoon_gap","[Verified] A GitHub issue says verbose mode is not useful enough to explain poor extraction or malformed JSON even on simple pages.","[Verified] Users lose confidence when the tool fails but cannot explain why.","https://github.com/ScrapeGraphAI/Scrapegraph-ai/issues/1045"
"first_10_minutes","apify/crawlee","docs","praise","first_success","[Verified] Apify's getting-started docs walk users to a first crawler and explicitly say ""And we're done!"" once the title prints.","[Verified] The tutorial path gives a clear first-success checkpoint.","https://docs.apify.com/sdk/js/docs/1.3/guides/getting-started"
"first_10_minutes","apify/crawlee","github_discussion","complaint","onboarding_friction","[Verified] A Crawlee Python discussion shows a user unable to tell if proxies, retries, sessions, or user agents were working while Reddit kept returning 403s.","[Verified] A user can leave the setup stage still unsure whether the crawler is behaving correctly.","https://github.com/apify/crawlee-python/discussions/575"
"first_10_minutes","apify/crawlee","github_discussion","complaint","honeymoon_gap","[Verified] A Crawlee discussion shows errors from `failedRequestHandler` not propagating to the main flow, forcing custom promise plumbing.","[Verified] Once users move past tutorials into single-URL production flows, error handling becomes harder than expected.","https://github.com/apify/crawlee/discussions/2175"
"spending_confidence","apify/crawlee","reddit","complaint","pricing_credit_frustration","[Verified] Public `r/apify` posts describe builder-economics frustration and pricing or store-comparison friction even while praising the technical platform.","[Verified] Users can like the product technically but still hesitate to build a business on its current pricing surface.","https://www.reddit.com/r/apify/comments/1rpswcb/apify_your_pricing_changes_for_builders_is_unfair/"
